gid,co_cep,uf,cidade,no_fantasia,no_bairro,nu_endereco,no_logradouro,nu_telefone,ano_upa_func,mes_upa_func,fonte_recurso,porte,latitude,longitude
6834477,,GO,Rio Verde,UPA DR JOSE POVOA MENDES,JARDIM GOIAS,1900,RUA AUGUSTA BASTOS,6436202040,2015,11,MS,1,-17.787653,-50.9187787
7458606,,AM,Manaus,UPA CAMPOS SALLES,TARUMA,649,RUA DONA OTILIA,9232499050,2015,11,MS,3,-3.0078867,-60.0606392
2589648,74975-385,GO,Aparecida de Goiânia,UNIDADE DE PRONTO ATENDIMENTO UPA,RESIDENCIAL BRASICON,S/N,RUA DAS ACASIA,3545 9953,2015,11,MS,3,-16.8357895,-49.2495495
6922333,43815-360,BA,Candeias,UNIDADE DE PRONTO ATENDIMENTO,OURO NEGRO,01,RUA DOS TRES PODERES,,2015,11,MS,1,-12.6720125,-38.5475041
2164175,,MG,Santa Luzia,UNIDADE DE PRONTO ATENDIMENTO DE SAO BENEDITO,SAO BENEDITO,1052,RUA SENHOR DO BONFIM,(31)36371992,2015,11,MS,2,-19.7841378,-43.9253921
6995160,40411-900,BA,Salvador,UPA DE ROMA,ROMA,1153,R BARAO DE COTEGIPE,(71) 3316-8600,2015,11,MS,3,-12.9459957,-38.5013277
2061767,,SP,Piracicaba,UPA VILA SONIA NESTOR LONGATTO PIRACICABA,VILA SONIA,106,RUA BRIGADEIRO EDUARDO GOMES,(19) 3425-3284,2015,11,MS,2,-22.6709523,-47.6932734
7206445,14150-000,SP,Serrana,UPA DR GERALDO C P REIS,JD ROMULO MONTANARI,235,GABRIEL JOSE DO VALE,(16) 3987-1513,2015,11,MS,1,-21.2076722,-47.6048899
6716938,22775-002,RJ,Rio de Janeiro,SMS COORD DE EMERGENCIA REGIONAL CER BARRA AP 40,BARRA DA TIJUCA,2000,AVENIDA AYRTON SENNA,35507060,2015,11,MS,3,-22.9938876,-43.3630091
7546696,,SP,Cubatão,UPA DR MARIO RUIVO DE CUBATAO,PQ SAO LUIZ,222,AV JOEL GONCALVES DE OLIVEIRA,13-3361.6388,2015,11,MS,1,-23.9246117,-46.4161678
7108648,17052-170,SP,Bauru,UPA IPIRANGA,VILA NIPONICA,11,RUA JOSE MIGUEL,3106-1121,2015,11,MS,1,-22.3370488,-49.0906299
23582,31515-000,MG,Belo Horizonte,UNIDADE DE PRONTO ATENDIMENTO VENDA NOVA,VENDA NOVA,322,RUA PADRE PEDRO PINTO,(31)32775438,2015,11,MS,3,-19.8186038,-43.9534329
7494068,,SP,Itaquaquecetuba,UPA SADAKO SEDOGUTI,RESIDENCIAL FLAMBOYA,453,RUA DOS CAJUEIROS,(11)4647-0212,2015,11,MS,2,-23.4849456,-46.3494828
23051,,MG,Belo Horizonte,UNIDADE DE PRONTO ATENDIMENTO NORDESTE,CONCORDIA,535,RUA ITAMARACA,(31)32776646,2015,11,MS,2,-19.9030559,-43.9335729
5955637,23590-060,RJ,Rio de Janeiro,SES RJ UPA 24H SANTA CRUZ,STA CRUZ,13655,AV CESARIO DE MELO,33139218,2015,11,MS,3,-22.9332957,-43.6612018
7103255,,CE,Eusébio,UNIDADE DE PRONTO ATENDIMENTO DE EUSEBIO,CENTRO,395,RUA IRMA AMBROSINA,32605303,2015,11,MS,2,-3.8938752,-38.449701
6631819,,PE,Caruaru,UPA CARUARU,INDIANOPOLIS,S/N,AVENIDA JOSE MARQUES FONTES,08737277814,2015,11,MS,3,-8.3007399,-35.9605188
7003692,28927-000,RJ,Cabo Frio,UNIDADE DE PRONTO ATENDIMENTO UPA II,SAMBURA,136,AV AMARAL PEIXOTO KM 136,22 26461736,2015,11,MS,2,-22.677562,-42.0068151
6411169,,SC,Biguaçu,UNIDADE DE PRONTO ATENDIMENTO UPA 24HS,FUNDOS,S/N,RUA QUINTINO BOCAIUVA,48-30398460,2015,11,MS,1,-27.5059361,-48.6560379
6690742,,PE,Cabo de Santo Agostinho,UPA CABO DE SANTO AGOSTINHO,COHAB,S/N,RUA 27,81 31844543,2015,11,MS,3,-8.2967516,-35.0272619
7746180,,SP,Franca,UPA DR NEWTON NOVATO,AEROPORTO I,600,CYRO EDUARDO ROSA FALEIROS,1637216807,2015,11,MS,3,-20.574443,-47.3726967
5053293,,SP,Araras,UPA ELISA S FRANCHOZZA ARARAS,JOSE OMETTO II,400,AVENIDA IRINEU CARROCCI,35435112,2015,11,MS,2,-22.3529687,-47.3343523
5955661,20520-054,RJ,Rio de Janeiro,SES RJ UPA 24H TIJUCA,TIJUCA,S/N,RUA CONDE DE BONFIM,23341921,2015,11,MS,3,-22.9321098,-43.2401566
5955688,21625-130,RJ,Rio de Janeiro,SES RJ UPA 24H RICARDO DE ALBUQUERQUE,RICARDO DE ALBUQUERQ,S/N,ESTR MAL ALENCASTRO,33394819,2015,11,MS,3,-22.8433194,-43.3978908
7665199,,MS,Corumbá,UNIDADE DE PRONTO ATENDIMENTO DR JOSE ABILIO M DE BARROS,GUATOS,S/N,LUIZ FEITOSA RODRIGUES,,2015,11,MS,1,-19.0454597,-57.6454391
7039336,89240-000,SC,São Francisco do Sul,UPA UNIDADE DE PRONTO ATENDIMENTO,UBATUBA,S/N,RODOVIA DUQUE DE CAXIAS,47-34446277,2015,11,MS,1,-26.2139466,-48.5253276
6443419,53401-030,PE,Paulista,UPA PAULISTA,AURORA,10000,ESTRADA DO FRIO,(81) 31844253,2015,11,MS,3,-7.9431439,-34.881574
7399626,,CE,Russas,UNIDADE DE PRONTO ATENDIMENTO DE RUSSAS,PLANALTO,S/N,RUA PROJETADA,,2015,11,MS,1,-4.9271161,-37.9724259
7429568,15900-000,SP,Taquaritinga,UPA 24 HORAS,CENTRO,2100,AV VICENTE JOSE PARISE,,2015,11,MS,1,-21.4023648,-48.4976322
6439993,89226-205,SC,Joinville,UPA 24 HORAS AVENTUREIRO,AVENTUREIRO,0,RUA MAFALDA LAURINDO,4734354221,2015,11,MS,3,-26.2430901,-48.819824
2061724,,SP,Piracicaba,UPA VILA CRISTINA FREI SIGRIST PIRACICABA,VILA CRISTINA,1737,AVENIDA RAPOSO TAVARES,(19) 3434-2296,2015,11,MS,2,-22.7454232,-47.6620131
7636822,42800-100,BA,Camaçari,UPA 24HS GLEBA A GRAVATA,GLEBA A,S/N,AVENIDA DO CANAL,71 30408304,2015,11,MS,2,-12.6924149,-38.3353413
7471777,,SP,Americana,UPA SAO JOSE,JD SAO JOSE,2310,AV DE CILLO,19 34612517,2015,11,MS,1,-22.7632798,-47.3414578
7064578,75690-000,GO,Caldas Novas,UPA UNIDADE DE PRONTO ATENDIMENTO,CENTRO,0001,RUA PROFESSOR JOSINO BRETAS ESQ C R,(64) 3453-0022,2015,11,MS,2,-17.7445191,-48.6250248
6463487,36070-060,MG,Juiz de Fora,UPA SANTA LUZIA,SANTA LUZIA,1130,RUA IBITIGUAIA,(32)2102-0898,2015,11,MS,3,-21.7891172,-43.3531692
6985483,,CE,Fortaleza,UNIDADE PRONTO ATENDIMENTO PRAIA DO FUTURO,PRAIA DO FUTURO,S/N,AV SENADOR CARLOS JEREISSATI,85 32168316,2015,11,MS,3,-3.7209233,-38.4619914
6737633,47600-000,BA,Bom Jesus da Lapa,UPA 24H BOM JESUS DA LAPA,SAO MIGUEL,244,RUA L,77 3481 7907,2015,11,MS,1,-13.2450495,-43.4018995
5874998,13100-000,SP,Campinas,PRONTO ATENDIMENTO DR SERGIO AROUCA CAMPO GRANDE,CAMPO GRANDE,280,R DIRCE DE OLIVEIRA SANTOS,32218505,2015,11,MS,3,-22.9099384,-47.0626332
7709196,,AP,Macapá,UNIDADE DE PRONTO ATENDIMENTO TIPO I UPA,NOVO HORIZONTE,S/N,RUA FERNANDO ALVES DE OLIVEIRA,,2015,11,MS,1,0.0932347,-51.0460623
6950302,,SP,Sorocaba,CENTRAL DE REGULACAO DE URGENCIAS DE SOROCABA,CERRADO,125,RUA BENTO MANOEL RIBEIRO,(15) 32191192,2015,11,MS,2,-23.5015299,-47.4525603
7499914,,RS,Venâncio Aires,UPA 24 HORAS VENANCIO AIRES,CRUZEIRO,2500,VOLUNTARIOS DA PATRIA,5137932100,2015,11,MS,1,-29.611063,-52.2101575
7529368,,GO,Anápolis,UPA III DR ALAIR MAFRA ANAPOLIS GOIAS,VILA ESPERANCA,S/N,RUA 29 DE DEZEMBRO,62 39022165,2015,11,MS,3,-16.3896062,-48.9587167
2822318,83323-390,PR,Pinhais,UNIDADE DE PRONTO ATENDIMENTO 24 HORAS,CENTRO,731,RENATO NUNES RIBAS,(41)30599292,2015,11,MS,2,-25.4340735,-49.1866432
6716911,20211-030,RJ,Rio de Janeiro,SMS COORD DE EMERGENCIA REGIONAL CER CENTRO AP 10,CENTRO,S/N,RUA FREI CANECA,21-25071311,2015,11,MS,3,-22.9108947,-43.1927786
7345259,54340-605,PE,Jaboatão dos Guararapes,UPA EDUARDO CAMPOS,SOTAVE,31,RUA MARACANA,,2015,11,MS,1,-8.1721658,-34.9986835
6885284,,SP,Guarujá,UPA ENSEADA PAULO FLAVIO AFONSO PIASENTI GUARUJA,ENSEADA,S/N,AVENIDA D PEDRO I,33513661,2015,11,MS,2,-23.9816758,-46.2296774
7126484,15700-202,SP,Jales,UNIDADE DE PRONTO ATENDIMENTO DE JALES,JD SAMAMBAIA,2373,RUA SEBASTIAO MARTINS,17-3632-8765,2015,11,MS,1,-20.2686874,-50.5490441
7616902,,PR,Ibiporã,UNIDADE DE PRONTO ATENDIMENTO DR JUSTINO ALVES PEREIRA,JD MORADA DO SOL,1245,AV SOUZA NAVES,43 3178 0348,2015,11,MS,1,-23.2634275,-51.0575802
2160137,35.519-000,MG,Nova Serrana,UPA ANTONIO JOSE DOS SANTOS,SAO MARIOS,440,RUA PADRE JOSE LUIZ,037-3226.6166,2015,11,MS,1,-19.8737889,-44.9891854
6821197,,SP,São Bernardo do Campo,UPA PAULICEIA TABOAO,PAULICEIA,326,RUA PEDRO DE TOLEDO,4178-4309,2015,11,MS,2,-23.67101,-46.582895
7052251,,PB,Campina Grande,UPA 24 HORAS DR MAIA,ALTO BRANCO,S/N,AV MANOEL TAVARES,83 33412079,2015,11,MS,3,-7.2072372,-35.8753835
7066953,88310-690,SC,Itajaí,UNIDADE DE PRONTO ATENDIMENTO UPA 24H,CORDEIROS,S/N,RUA ENEDINA DAVILA FERREIRA,04732495500,2015,11,MS,1,-26.8966705,-48.7062655
6826393,,MA,São José de Ribamar,UPA PARQUE VITORIA,TURU,20,AVENIDA JOSE SANTANA QUADRA 38,,2015,11,MS,2,-2.5198082,-44.2020491
7242492,89900-000,SC,São Miguel do Oeste,UNIDADE DE PRONTO ATENDIMENTO LEONARDO WESSHEIMER,AGOSTINI,1,RUA OIAPOC,(49) 3621-2991,2015,11,MS,1,-26.7225677,-53.5182628
7113218,09020-000,SP,Santo André,UPA CENTRO,CENTRO,129,RUA AGENOR DE CARMARGO,49947651,2015,11,MS,2,-23.6633839,-46.5265752
7410042,,CE,Crateús,UPA DR OLAVO CAVALCANTE CARDOSO,CIDADE NOVA,S/N,RUA JOELSON SILVA BARROS,88-36912019,2015,11,MS,1,-5.1698117,-40.6635337
7460953,,CE,Iguatu,UNIDADE DE PRONTO ATENDIMENTO DE IGUATU UPA,PARANA,S/N,RUA 25 DE MARCO,,2015,11,MS,1,-6.3494333,-39.2997598
7467206,,SP,Registro,UNIDADE DE PRONTO ATENDIMENTO UPA,JARDIM SAO NICOLAU,605,RUA NELSON BRIHI BADUR,13 38213155,2015,11,MS,1,-24.5002295,-47.8448116
2680017,,RO,Porto Velho,UPA ZONA SUL,COHAB FLORESTA,S/N,RUA URTIGA VERMELHA COM JATUARANA,(69)2271083,2015,11,MS,2,-8.7803556,-63.8775571
6999506,,CE,Fortaleza,UNIDADE PRONTO ATENDIMENTO AUTRAN NUNES,AUTRAN NUNES,S/N,AV FERNANDES TAVORA,32168314,2015,11,MS,2,-3.7556992,-38.5953017
7466412,,SP,Valinhos,UNIDADE DE PRONTO ATENDIMENTO UPA 24 HORAS,LENHEIRO,550,AV GESSY LEVER,,2015,11,MS,2,-22.960317,-46.9889371
6607667,,SP,São Bernardo do Campo,UPA UNIAO ALVARENGA,ALVARENGA,5779,ESTRADA DOS ALVARENGA,11 4129-2744,2015,11,MS,2,-23.7393981,-46.5957438
3827836,,PR,Curitiba,UPA PINHEIRINHO,CAPAO RASO,S/N,RUA LEON NICOLAS,041-32121470,2015,11,MS,2,-25.515286,-49.3031637
7103271,17400-000,SP,Garça,UPA 24 HS UNIDADE DE PRONTO ATENDIMENTO DR MARIO NUNES MIRAN,WILLIANS,120,RUA DR ORLANDO THIAGO DOS SANTOS,14-3406.4564,2015,11,MS,1,-22.2131635,-49.6555394
2063603,,SP,Indaiatuba,UPA JAD MORADA DO SOL INDAIATUBA,JAD MORADA DO SOL,6020,AVENIDA ENG FABIO ROBERTO BARNABE,(19)38354900,2015,11,MS,2,-23.1192874,-47.2337965
6976794,45980-000,SP,Diadema,UPA JARDIM PAINEIRAS,JARDIM PAINEIRAS,635,RUA JAVARI,40915467,2015,11,MS,2,-23.6646127,-46.617578
7058284,,PB,Monteiro,UPA JOAQUINA PIRES BARBOSA HENRIQUE,CENTRO,S/N,LOTEAMENTO RESIDENCE ALTIPLANO,83 88298453,2015,11,MS,1,-7.8887727,-37.1171012
7372523,,CE,Pentecoste,UPA DE PENTECOSTE,SAO FRANCISCO,14,RUA GONCALO SALES PESSOA,85 33522619,2015,11,MS,1,-3.7924795,-39.2698136
7102429,09405-390,SP,Ribeirão Pires,UPA SANTA LUZIA,SANTA LUZIA,2959,ESTRADA DA COLONIA,48228000,2015,11,MS,2,-23.6944273,-46.3965852
6986609,,PR,Maringá,UNIDADE DE PRONTO ATENDIMENTO UPA ZONA SUL,JARDIM IPANEMA,865,AVENIDA NILDO RIBEIRO DA ROCHA,32214812,2015,11,MS,3,-23.4520261,-51.9236897
2190125,32072-180,MG,Contagem,UNIDADE DE PRONTO ATENDIMENTO PETROLANDIA UPA,PETROLANDIA,137,RUA REFINARIA UNIAO,(31)3352-3312/5692,2015,11,MS,1,-19.9304982,-44.1138478
6858317,22031-071,RJ,Rio de Janeiro,SES RJ UPA 24H COPACABANA,COPACABANA,129,RUA SIQUEIRA CAMPOS,23339289,2015,11,MS,3,-22.9663935,-43.1870746
7507631,,MG,Itabirito,ITABIRITO UPA CELSO MATOS SILVA,SANTA EFIGENIA,S/N,RODOVIA DOS INCONFIDENTES KM 55 BR 356,,2015,11,MS,1,-20.2590637,-43.7865983
7638698,04377-036,SP,São Paulo,UPA VILA SANTA CATARINA,JARDIM MIRA,529,RUA CIDADE DE BAGDA,56719211,2015,11,MS,3,-23.6565963,-46.6535806
6914624,,PR,Castro,UNIDADE DE PRONTO ATENDIMENTO MOACIR ELIAS FADEL,RIO BRANCO,S/N,PROLONGAMENTO DA RUA ANTONIO MENARIM,4239062288,2015,11,MS,2,-24.7895729,-50.0112458
7625987,25070-260,RJ,Duque de Caxias,UPA PARQUE BEIRA MAR,VILA SAO LUIS,3200,ROD WASHINGTON LUIS,,2015,11,MS,3,-22.5712929,-43.2810577
4340,41610-640,BA,Salvador,UPA 24H DR HELIO MACHADO,ITAPUA,S/N,RUA DA CACIMBA,(71) 3611-7118,2015,11,MS,3,-12.9475499,-38.3664149
2639548,,PR,Curitiba,UPA CAMPO COMPRIDO,CAMPO COMPRIDO,3495,RUA MONS IVO ZANLORENZI,(41)3373-1332,2015,11,MS,3,-25.4418683,-49.3395726
7744293,,MA,Barra do Corda,UPA 24H MARIA ROSA NEPOMUCENO,TREZIDELA,S/N,BR 226,9936435269,2015,11,MS,2,-5.5018917,-45.2464996
2438917,,PR,Curitiba,UPA BOQUEIRAO,BOQUEIRAO,2590,RUA PROFA MARIA ASSUMPCAO,41- 3217-1201,2015,11,MS,3,-25.4929047,-49.2460813
7459750,,AM,Tabatinga,UNIDADE DE PRONTO ATENDIMENTO 24H TABATINGA UPA TABATINGA,VILAPARAISO,S/N,RUA CORONEL BERG,,2015,11,MS,1,-4.2314555,-69.9369359
7434472,,CE,Quixadá,UNIDADE DE PRONTO ATENDIMENTO 24H DR ANTONIO MAGALHAES,RENASCER,S/N,RUA DOS VOLUNTARIOS,,2015,11,MS,1,-4.9684385,-39.0161259
7445032,,RS,Lajeado,UNIDADE DE PRONTO ATENDIMENTO DE LAJEADO UPA 24H,MOINHOS DAGUA,3480,RUA CARLOS SPOHR FILHO,(51) 3982-1473,2015,11,MS,2,-29.4603123,-52.0031543
7321880,,RJ,Barra Mansa,UNIDADE DE PRONTO ATENDIMENTO EM BARRA MANSA RJ UPA,BOA VISTA I,123,ANTONIO VINTURELLI NETTO,02433409813,2015,11,MS,2,-22.5577208,-44.1200642
7396805,,CE,São Gonçalo do Amarante,UNIDADE DE PRONTO ATENDIMENTO DE SAO GONCALO DO AMARANTE,PECEM,S/N,RUA DO CAJUEIRO,(85)3315-1111,2015,11,MS,2,-3.5533237,-38.8257748
2492555,,TO,Palmas,UNIDADE DE PRONTO ATENDIMENTO SUL,AURENY II,04,RUA PERIMENTRAL 2,(63)32185569,2015,11,MS,2,-10.3223083,-48.3009872
6531288,,RN,Natal,UPA 24H DE PAJUCARA,PAJUCARA,S/N,RUA MOEMIA TINOCO DA CUNHA LIMA,843614 5280,2015,11,MS,2,-5.7220175,-35.2432022
6916074,7172000,SP,Guarulhos,UPA SAO JOAO LAVRAS,CIDADE SOBERANA,4130,ESTRADA GUARULHOS NAZARE,1122292240,2015,11,MS,3,-23.4171716,-46.4555165
6629989,,RJ,Campos dos Goytacazes,SES RJ UPA 24H CAMPOS DOS GOYTACAZES,PARQUE VERA CRUZ,200,SOUZA MOTA,,2015,11,MS,3,-21.7368255,-41.3270561
6992552,17605-400,SP,Tupã,UNIDADE DE PRONTO ATENDIMENTO UPA TUPA,VILA INDEPENDENCIA,55,RUA COMERCIANTE JOSE DA MOTA,14 3441-4292,2015,11,MS,2,-21.9393766,-50.5206399
2189852,32310-210,MG,Contagem,UNIDADE PRONTO ATENDIMENTO GERALDO PINTO VIEIRA UPA JK,ELDORADO,780,AVENIDA JOAO CESAR DE OLIVEIRA,(31)3395-4677,2015,11,MS,3,-19.9434777,-44.0351913
6270131,15051-000,SP,São José do Rio Preto,UPA JAGUARE,JARDIM JAGUARE,2450,AVENIDA DANILO GALEAZZI,17-32151192,2015,11,MS,2,-20.7752687,-49.3686574
7136552,24120-395,RJ,Niterói,SES RJ UPA 24 H FONSECA,FONSECA,107,RUA SA BARRETO,21-26257807,2015,11,MS,3,-22.8840039,-43.0831199
7525427,,MG,Patos de Minas,UPA III,JARDIM PELUZZO,288,RUA PELUZO,34 3822-9641,2015,11,MS,3,-18.61088,-46.5075228
7130538,19.911-205,SP,Ourinhos,UPA UNIDADE DE PRONTO ATENDIMENTO OURINHOS,VILA SAO LUIZ,545,RUA CELESTINO LOPES BAHIA,1433262494,2015,11,MS,2,-22.9589466,-49.8821225
7592191,,BA,Poções,UPA 24H VILOBALDO MACEDO,INDAIA,590,RUA SANTO ANTONIO,7734315812 998043962,2015,11,MS,1,-14.5251885,-40.3647775
6928331,65630000,MA,Timon,UPA TIMON,SANTO ANTONIO,S/N,RUA SAO SEBASTIAO,,2015,11,MS,2,-5.1077636,-42.8253707
7030878,09624-070,SP,São Bernardo do Campo,UPA RUDGE RAMOS,RUDGE RAMOS,256,RUA ANGELA TOME,4368-1222,2015,11,MS,2,-23.6553785,-46.5742749
3936082,15130000,SP,Mirassol,UPA UNIDADE DE PRONTO ATENDIMENTO,JARDIM MARILU,2520,AV ELIEZER MAGALHAES,17-32533285,2015,11,MS,1,-20.8123605,-49.5074183
6975402,78890-000,MT,Sorriso,UPA UNIDADE DE PRONTO ATENDIMENTO SARA AKEMI ICHICAVA,CENTRO,S/N,AV PORTO ALEGRE,35445989,2015,11,MS,1,-12.5409855,-55.7242022
7094647,48904-060,BA,Juazeiro,UPA DR JOAO OLIVEIRA,CASTELO BRANCO,S/N,RODOVIA LOMANTO JUNIOR,7436134288,2015,11,MS,2,-9.4384967,-40.4971627
2033623,13574-140,SP,São Carlos,UNIDADE DE PRONTO ATENDIMENTO UPA,VILA PRADO,229,AVENIDA GRECIA,16-33712100,2015,11,MS,1,-22.0352375,-47.8985413
7101856,22745-290,RJ,Rio de Janeiro,SMS UPA 24H MAGALHAES BASTOS AP 51,MAGALHAES BASTOS,S/N,ESTRADA MANOEL NOGUEIRA DE SA,35507080,2015,11,MS,3,-22.8885352,-43.4139727
2087693,,SP,Hortolândia,UPA JD AMANDA PASTOR ENEAS DE CASTRO GAMA,JD AMANDA,1066,RUA WASHINGTOM LUIS,(19)38974485,2015,11,MS,1,-22.8533412,-47.2147082
7065485,26.584-001,RJ,Mesquita,SES RJ UPA 24H MESQUITA,EDSON PASSOS,S/N,RUA COSTA E SILVA,21-26257807,2015,11,MS,3,-22.7947404,-43.4234849
7061838,35.670-000,MG,Mateus Leme,MATEUS LEME UPA 24 HORAS TIAGO CARDOSO SANTOS,VALE VERDE,15,RUA LEVINDO DA SILVA,,2015,11,MS,1,-19.9985101,-44.4087348
6042619,21063-400,RJ,Barra Mansa,UNIDADE DE PRONTO ATENDIMENTO EM BARRA MANSA RJ UPA,CENTRO,263,RUA LUIZ PONCE,02433229298,2015,11,MS,3,-22.5408252,-44.1768576
6091997,26291-200,RJ,Nova Iguaçu,SES RJ UPA 24H CABUCU,CABUCU,1600,AVENIDA ABELIO AUGUSTO TAVORA,27794497,2015,11,MS,3,-22.7977549,-43.577237
7521316,,BA,Salvador,UPA 24H SAN MARTIN,SAN MARTIN,S/N,RUA DO FORNO,(71) 3395-2884,2015,11,MS,3,-12.9730401,-38.502304
7115652,13820-000,SP,Jaguariúna,,,,,,2015,11,MS,1,-22.7042272,-46.9855088
7018800,,CE,Fortaleza,UNIDADE PRONTO ATENDIMENTO CANINDEZINHO,PLANALTO VITORIO,S/N,RUA 15,85 32168316,2015,11,MS,3,-3.82049,-38.608672
7021909,,RS,Vacaria,UPA 24 HORAS VACARIA,GLORIA,1100,RUA CAMPOS SALES,,2015,11,MS,1,-28.4997843,-50.9410068
7110162,21540-520,RJ,Rio de Janeiro,SMS UPA 24H ROCHA MIRANDA AP 33,ROCHA MIRANDA,S/N,ESTRADA DO BARRO VERMELHO,35141487,2015,11,MS,3,-22.8502396,-43.3448295
5617286,,MG,Uberlândia,UAI SAO JORGE,PARQUES LARANJEIRAS,165,RUA TOLEDO,,2015,11,MS,2,-18.9639645,-48.2443291
7090064,13257-570,SP,Itatiba,UPA UNIDADE DE PRONTO ATENDIMENTO 24HS DE ITATIBA,PQ EMPRESARIAL,S/N,RUA BENEDITA CARRA CORRADINE,,2015,11,MS,1,-23.0039859,-46.8467996
6680704,21532-200,RJ,Rio de Janeiro,SMS UPA 24H COSTA BARROS AP 33,COSTA BARROS,S/N,EST BOTAFOGO,25086990,2015,11,MS,3,-22.8219824,-43.3698852
6742017,,RN,Macaíba,UNIDADE DE PRONTO ATENDIMENTO MACAIBA UPA,ESTRADA DE JUNDIAI,100,AVENIDA JUNDIAI,(84)3271-4204,2015,11,MS,1,-5.870043,-35.3531393
7169310,09790-400,SP,São Bernardo do Campo,UPA SILVINA,FERRAZOPOLIS,509,AVENIDA DR JOSE FORNARI,11 43388536,2015,11,MS,2,-23.7275153,-46.5487049
6272320,27210-240,RJ,Volta Redonda,UPA 24 HS VOLTA REDONDA,STO AGOSTINHO,660,RUA MIL E DEZESSETE,2433384576,2015,11,MS,3,-22.4895991,-44.0677086
7076886,35.460-000,MG,Brumadinho,UPA VALDEMAR DE ASSIS BARCELOS,KM30,30,MG 040,,2015,11,MS,1,-20.1422837,-44.2065118
7697422,14716038,SP,Bebedouro,UPA DE BEBEDOURO,JARDIM JULIA,00,RUA LUIZ BRUNELLI,(17) 3344-8100,2015,11,MS,2,-20.949552,-48.4795365
6507557,725000-000,PE,São Lourenço da Mata,UPA SAO LOURENCO DA MATA,PIXETE,2009,AVENIDA SR FRANCISCO CORREIA,8131844378,2015,11,MS,3,-7.9800434,-35.055335
7084129,46900-000,BA,Seabra,UPA 24H DE SEABRA JORGE ALVES DE OLIVEIRA,TAMBORIL,S/N,RUA EDVALDO SANTOS,7533313919,2015,11,MS,1,-12.4175067,-41.7692236
7103840,44900-000,BA,Irecê,UPA 24 HORAS ROSA MARIA OLIVEIRA BASTOS,ASA SUL,9995,RUA RIO SOLIMOES,,2015,11,MS,1,-11.303555,-41.8561503
5955211,21040-361,RJ,Rio de Janeiro,SES UPA 24H MARE AP 31,MANGUINHOS,4880,AV BRASIL,2334-7830 2334-7832,2015,11,MS,3,-22.8751752,-43.2429859
7006810,,CE,Fortaleza,UNIDADE PRONTO ATENDIMENTO MESSEJANA,MESSEJANA,S/N,RUA MIGUEL GURGEL,85 32168314,2015,11,MS,2,-3.8402533,-38.4824514
6211496,44470-000,BA,Vera Cruz,UNIDADE DE PRONTO ATENDIMENTO DE VERA CRUZ,MAR GRANDE,S/N,AVENIDA JUVENAL JOAO VINAGRE,,2015,11,MS,2,-12.995115,-38.6997156
7326823,87035-260,PR,Cambé,UNIDADE DE PRONTO ATENDIMENTO SILVIA MANTOVANI,JD TUPI,479,RUA CARAJAS,3174-0552,2015,11,MS,2,-23.2742429,-51.2683923
6847587,,MA,São Luís,UPA ARACAGY,ARACAGY,S/N,AV DOS HOLANDESES,,2015,11,MS,3,-2.4790511,-44.2116131
5967198,25025-095,RJ,Duque de Caxias,SES RJ UPA 24H DUQUE DE CAXIAS,PQ LAFAIETE,1532,RUA JOAQUIM PECANHA,27827211,2015,11,MS,3,-22.7861566,-43.3252497
7278888,670000-000,PA,Ananindeua,UNIDADE DE PRONTO ATENDIMENTO UPA II,ICUI GUAJARA,S/N,ESTRADA DO ICUI GUAJARA,,2015,11,MS,2,-1.3409964,-48.4154474
6972497,,PR,Apucarana,UPA UNIDADE DE PRONTO ATENDIMENTO DE APUCARANA PR,CENTRO,1755,RUA CLOTARIO PORTUGAL,4339011058,2015,11,MS,2,-23.5478975,-51.4548606
6037526,22730-522,RJ,Rio de Janeiro,SES RJ UPA 24H JACAREPAGUA,TAQUARA,20,RUA ANDRE ROCHA,23336536,2015,11,MS,3,-22.9339999,-43.3776487
6629385,23810-302,RJ,Itaguaí,UNIDADE DE PRONTO ATENDIMENTO UPA ITAGUAI,JARDIM AMERICA,00,AVENIDA DEPUTADO OTAVIO CABRAL,26879794,2015,11,MS,3,-22.8631923,-43.7779091
7031882,33.200-000,MG,Vespasiano,VESPASIANO UPA 24 HORAS PREFEITO LUIZ ISSA,CENTRO,S/N,AV PREFEITO SEBASTIAO FERNANDES,,2015,11,MS,3,-19.6926423,-43.9200587
2115786,32400-000,MG,Ibirité,UNIDADE MUNICIPAL DE PRONTO ATENDIMENTO DE IBIRITE,MACAUBAS,S/N,RUA NELSON PINHEIRO,(31)35336110,2015,11,MS,2,-20.0256695,-44.0572964
7455038,35044-150,MG,Governador Valadares,UPA 24 HORAS,VILA ISA,1681,RUA RANULFO ALVARES,33 21016151,2015,11,MS,3,-18.8952909,-41.9488928
7637802,,PB,Princesa Isabel,UPA UNIDADE DE PRONTO ATENDIMENTO PRICESA ISABEL,MAIA,S/N,RUA ALFREDO CARLOS DA COSTA,83-33457227,2015,11,MS,1,-7.7362129,-37.9916987
7299729,,TO,Porto Nacional,UPA UNIDADE DE PRONTO ATENDIMENTO DE PORTO NACIONAL,NOVA CAPITAL,S/N,RUA MARIA ANGELICA DA SILVA PRADO,,2015,11,MS,1,-10.6860748,-48.4013866
7561792,,PB,João Pessoa,UNIDADE DE PRONTO ATENDIMENTO CELIO PIRES DE SA,VALENTINA,1,RUA ESTEVAM LOPES GALVAO,3237-7880,2015,11,MS,2,-7.1982622,-34.8456193
7434308,60055-000,CE,Fortaleza,UNIDADE PRONTO ATENDIMENTO CRISTO REDENTOR,JACARECANGA,S/N,AV PRESIDENTE CASTELO BRANCO,31952768,2015,11,MS,3,-3.7140579,-38.5476435
7304188,,GO,Goiânia,UPA DR JOAO BATISTA DE SOUSA JUNIOR,RESIDENCIAL ITAIPU,S/N,AVENIDA RIO VERMELHO,062 - 32884522,2015,11,MS,3,-16.784316,-49.3632339
6929583,,MA,Imperatriz,UPA IMPERATRIZ,NOV IMPERATRIZ,968,AVENIDA BERNARDO SAYAO,,2015,11,MS,2,-5.5215487,-47.4900414
7294700,,PR,Toledo,ALMOXARIFADO CENTRAL,CENTRO,S/N,RUA PIRATINI,,2015,11,MS,2,-24.7353361,-53.7344
6507409,22451-265,RJ,Rio de Janeiro,SMS UPA 24H ROCINHA AP 21,ROCINHA,522,ESTRADA DA GAVEA,33227039,2015,11,MS,2,-22.9906905,-43.2523743
7417659,35164-500,MG,Ipatinga,UPA JOSE ISABEL DE NASCIMENTO,CANAA,820,AVENIDA GERASA,,2015,11,MS,3,-19.4536019,-42.5526731
3708608,12247-190,SP,São José dos Campos,UPA EUGENIO DE MELO,EUGENIO DE MELO,101,RUA CORONEL EUGENIO AUGUSTO DE MELO,1239052152,2015,11,MS,1,-23.1408265,-45.7818141
5625416,,SP,Lençóis Paulista,UNIDADE DE PRONTO ATENDIMENTO DE LENCOIS PAULISTA,CENTRO,600,RUA SETE DE SETEMBRO,(14) 3264 8668,2015,11,MS,1,-22.6001427,-48.795823
6947077,,PA,Capanema,UNIDADE DE PRONTO ATENDIMENTO JOSIEL RODRIGUES MARTINS,SAO CRISTOVAO,S/N,RUA LAUDELINO VALENTE,(91)34622155,2015,11,MS,2,-1.2056483,-47.178192
6851304,,MA,São Luís,UPA VINHAIS,VINHAIS,S/N,AVENIDA 02,(98) 2367535,2015,11,MS,3,-2.5115056,-44.2525545
7409354,15775-000,SP,Santa Fé do Sul,UPA DR JOSE ROBERTO LOPES FERRAZ,CENTRO,800,RUA UM,17- 36311015,2015,11,MS,1,-20.7941692,-49.3955687
7372116,57160-000,AL,Marechal Deodoro,UPA 24 HORAS IRMA DULCE MARECHAL DEODORO AL,FRANCES,S/N,RUA CORIMA,,2015,11,MS,1,-9.710143,-35.897056
7155832,88900-000,SC,Araranguá,UNIDADE DE PRONTO ATENDIMENTO 24 HORAS ARARANGUA,CIDADE ALTA,344,AVENIDA 15 DE NOVEMBRO,48-39031922,2015,11,MS,1,-28.9452308,-49.4915975
6909663,25655-006,RJ,Petrópolis,UPA CENTRO UNIDADE DE PRONTO ATENDIMENTO,CENTRO,600,RUA WASHINGTON LUIZ,2243-6706,2015,11,MS,3,-22.5166104,-43.1838174
7040792,15400000,SP,Olímpia,UNIDADE DE PRONTO ATENDIMENTO DE OLIMPIA,CENTRO,288,AVENIDA WALDEMAR LOPES FERRAZ,,2015,11,MS,1,-23.3356872,-46.7253394
2706245,,SP,Franco da Rocha,UNIDADE DE PRONTO ATENDIMENTO DE FRANCO DA ROCHA UPA II,CENTRO,S/N,NELSON RODRIGUES,(11)4819-6011,2015,11,MS,1,-20.7397682,-48.908687
6926177,23535-808,RJ,Rio de Janeiro,SMS UPA 24 H SEPETIBA AP 53,SEPETIBA,S/N,RUA RAFAEL FERREIRA,,2015,11,MS,2,-22.9674264,-43.7056394
10057,,MS,Campo Grande,UPA APARECIDA GONCALVES SARAIVA UNIVERSITARIO,UNIVERSITARIO,S/N,AVENIDA GUAICURUS ESQ COM AV GURY MARQUES,67-33045601/33045606,2015,11,MS,2,-20.5240788,-54.5820828
7535643,83824-141,PR,Fazenda Rio Grande,UPA UNIDADE PRONTO ATENDIMENTO DE FAZENDA RIO GRANDE,SANTA TEREZINHA,515,RUA RIO TEJO,,2015,11,MS,2,-25.6496489,-49.333946
7546777,,MS,Dourados,UNIDADE DE PRONTO ATENDIMENTO DR AFRANIO MARTINS,TERRA ROCHA,3675,RUA FREI ANTONIO,67 84685029,2015,11,MS,3,-22.248924,-54.7863646
7260784,66821-000,PA,Belém,UPA DAICO,PARQUE GUAJARA,0,RODOVIA AUGUSTO MONTENEGRO KM 11,(091) 3247-8334,2015,11,MS,3,-1.3323677,-48.4499294
7404700,,RJ,São Pedro da Aldeia,SES RJ UPA 24 H SAO PEDRO DA ALDEIA,SAO PEDRO DA ALEDIA,S/N,RODOVIA AMARAL PEIXOTO,,2015,11,MS,2,-22.827147,-42.11995
2389061,,RN,Mossoró,UPA TARCISIO DE VASCONCELOS MAIA,SAO MANOEL,S/N,RUA MARIAZINHA MENDES,84 3315-4745,2015,11,MS,1,-5.1841285,-37.3477805
2485958,29176-206,ES,Serra,UPA 24 HORAS SERRA,CENTRO SERRA,S/N,AVENIDA JONES DOS SANTOS NEVES,(27)3291.8837,2015,11,MS,3,-20.1291481,-40.3068166
7054254,,RS,Canoas,UPA 24 HORAS RIO BRANCO,RIO BRANCO,500,CAIRU,(51)3415-4500,2015,11,MS,2,-29.9444481,-51.1833553
22683,30626-002,MG,Belo Horizonte,UNIDADE DE PRONTO ATENDIMENTO BARREIRO,DIAMANTE,20,AV AURELIO LOPES,(31)32775821,2015,11,MS,3,-19.9957984,-44.0205138
6849636,,PR,São José dos Pinhais,UPA AFONSO PENA,AFONSO PENA,460,RUA FRANCISCA DE SOUZA CORTES,41 3385 - 3502,2015,11,MS,3,-25.498158,-49.16885
7648227,,RS,Alegrete,UPA UNIDADE DE PRONTO ATENDIMENTO ALEGRETE,CANUDOS,S/N,MESTRE CACAIO,,2015,11,MS,1,-29.7745415,-55.7937388
6629954,24744-560,RJ,São Gonçalo,SES RJ UPA 24H SAO GONCALO I,COLUMBANDE,S/N,RODOVIA AMARAL PEIXOTO,27017397,2015,11,MS,3,-22.8741991,-43.0043245
7126816,45980-000,BA,Prado,UPA 24 HORAS PRADO,PORTAL DO PRADO,S/N,RODOVIA PRADO ITAMARAJU QUADRA 17 LOTE 7 A 12,,2015,11,MS,1,-17.3340784,-39.2250585
7530005,,PA,Santarém,UNIDADE DE PRONTO ATENDIMENTO UPA 24 HORAS,SAO JOSE OPERARIO,S/N,AV CURUA UNA,,2015,11,MS,3,-2.4486819,-54.7015981
7038895,13501-130,SP,Rio Claro,UNIDADE DE PRONTO ATENDIMENTO UPA 24 HS RIO CLARO,ESTADIO,1313,AV 29,(19) 3524-9577,2015,11,MS,2,-22.4233984,-47.5603433
2630036,,ES,Guarapari,SECRETARIA MUNICIPAL DE SAUDE,MUQUICABA,S/N,RUA ADAMASTOR ANTONIO DA SILVA,(27)32615686,2015,11,MS,2,-20.6601876,-40.5012663
7266650,27971-430,RJ,Macaé,UPA UNIDADE DE PRONTO ATENDIMENTO LAGOMAR,LAGOMAR,S/N,AVENIDA JOSE FERREIRA MACHADO,22 27961279,2015,11,MS,2,-22.301358,-41.7058833
2639467,,PR,Curitiba,UPA FAZENDINHA,FAZENDINHA,S/N,RUA CARLOS KLEMTZ,3329-4324,2015,11,MS,3,-25.4765441,-49.3203244
6038883,21735-320,RJ,Rio de Janeiro,SES RJ UPA 24H REALENGO,REALENGO,S/N,RUA MARECHAL JOAQUIM INACIO,24019382,2015,11,MS,3,-22.8742659,-43.4316858
6488315,50980-000,PE,Recife,UPA CAXANGA,VARZEA,S/N,AV CAXANGA,81 31844355,2015,11,MS,3,-8.0380409,-34.943629
2054728,,SP,Piracicaba,UPA VILA REZENDE DR ALFREDO J DE C NEVES PIRACICABA,VILA REZENDE,350,AVENIDA CONCEICAO,(19) 3421-1439,2015,11,MS,1,-22.7053706,-47.6569129
7389272,,CE,Ubajara,UNIDADE DE PRONTO ATENDIMENTO DE SAO BENEDITO,CORRENTE,S/N,AVENIDA TABAJARA,,2015,11,MS,1,-3.8548582,-40.9208016
6855881,,PE,Caruaru,UPA VASSOURAL,VASSOURAL,00,RUA LUIZ GONZAGA,,2015,11,MS,2,-8.3023343,-35.9691537
2557096,46400-000,BA,Caetité,UNIDADE DE PRONTO ATENDIMENTO DE CAETITE,RANCHO ALEGRE,S/N,RODOVIA CAETITE GUANAMBI,(77)34548061,2015,11,MS,3,-14.0648657,-42.4858867
2755289,,TO,Palmas,UNIDADE DE PRONTO ATENDIMENTO NORTE,PLANO DIRETOR NORTE,S/N,203 NORTE ALAMEDA LO 06 APM 02,(63) 32185110,2015,11,MS,2,-10.1701661,-48.3339796
6481876,51200-000,PE,Recife,UPA IMBIRIBEIRA,IMBIRIBEIRA,4223,AV MASCARENHAS DE MORAES,81 31844328,2015,11,MS,3,-8.0832301,-34.9068029
7114893,,RS,Porto Alegre,UNIDADE DE PRONTO ATENDIMENTO ZONA NORTE MOACYR SCLIAR,SAO SEBASTIAO,001,JERONYMO ZELMANOVITZ,51 33681626,2015,11,MS,3,-30.0102505,-51.1461606
2126133,32381-778,MG,Betim,UAI TERESOPOLIS,JARDIM TERESOPOLIS,154,AVENIDA BELO HORIZONTE,(31)3597.8273/8270,2015,11,MS,3,-19.9486338,-44.1229631
7522738,,SP,Cotia,UPA ATALAIA DRA RITA DE CASSIA SORIO,ATALAIA,623,ESTRADA DO MORRO GRANDE,1146164055,2015,11,MS,2,-23.6103338,-46.9488022
17396,,PR,Curitiba,UPA BOA VISTA,BOA VISTA,3654,AVN PARANA,041- 32511010,2015,11,MS,3,-25.3855993,-49.2330314
6035809,26110-260,RJ,Belford Roxo,UPA 24H BOM PASTOR BELFORD ROXO,BOM PASTOR,S/N,ESTR DE BELFORD ROXO,25617578,2015,11,MS,3,-22.7363461,-43.3763859
6754325,,PB,Santa Rita,UPA UNIDADE DE PRONTO ATENDIMENTO,TIBIRI II,S/N,RUA PITIMBU,83 32175535,2015,11,MS,1,-7.135868,-34.9662353
7111924,71732-010,DF,Brasília,UPA UNIDADE DE PRONTO ATENDIMENTO NUCLEO BANDEIRANTE,NUCLEO BANDEIRANTE,180,DF 075 KM 180 PLACA DAS MERCEDES,33866619,2015,11,MS,3,-15.8773073,-47.9940334
6822576,17063-060,SP,Bauru,UPA BELA VISTA,VILA LEMOS,4,RUA MARCAL DE ARRUDA CAMPOS,3109-2460,2015,11,MS,3,-22.3096209,-49.0863018
6037550,21910-296,RJ,Rio de Janeiro,SES UPA 24H ILHA DO GOVERNADOR AP 31,COCOTA ILHA DO GOVER,S/N,PARQUE POETA MANUEL BANDEIRA,23346346,2015,11,MS,3,-22.9068467,-43.1728965
7569793,,CE,Itapipoca,UPA PORTE II,FAZENDINHA,S/N,AV ESAU ALVES,,2015,11,MS,2,-3.4931919,-39.5899541
6008054,32041-440,MG,Contagem,UNIDADE DE PRONTO ATENDIMENTO UNIDADE XVI UPA XVI,CENTRO,47,JOAQUIM CAMARGO,33987036,2015,11,MS,2,-19.9109636,-44.0819032
2639556,,PR,Curitiba,UPA SITIO CERCADO,SITIO CERCADO,158,RUA LEVY BUQUERA,041-3378-6405,2015,11,MS,3,-25.5287499,-49.2686365
7363559,96413-010,RS,Bagé,UPA PADRE HONORINO JOAO MURARO,GETULIO VARGAS,S/N,RUA FELIX CONTREIRA RODRIGUES,53 32475733,2015,11,MS,2,-31.3222533,-54.0882995
7586361,,BA,Feira de Santana,UPA DA MANGABEIRA JAIRO DE JESUS SANTOS,MANGABEIRA,12,LOTEAMENTO JARDIM DOS NAMORADOS,,2015,11,MS,1,-12.2177038,-38.9406247
6220584,22260-000,RJ,Rio de Janeiro,SES RJ UPA 24H BOTAFOGO,BOTAFOGO,S/N,RUA SAO CLEMENTE,23344011,2015,11,MS,3,-22.9491015,-43.1825107
7429398,60055-090,CE,Fortaleza,UNIDADE PRONTO ATENDIMENTO JANGURUSSU,JANGURUSSU,S/N,AV CONTORNO SUL,32952768,2015,11,MS,3,-3.8368766,-38.5186018
7097794,57200-000,AL,Penedo,UPA II ANTONIO DE JESUS,SANTA LUZIA,S/N,RUA EUTIQUIO LOPES,,2015,11,MS,2,-10.281416,-36.5611798
4047184,33051-500,SP,Araraquara,UPA DR ANTONIO ALONSO MARTINEZ VILA XAVIER,VILA XAVIER,660,RUA JOSE DO PATROCINIO,,2015,11,MS,1,-21.7858043,-48.1598107
7047517,09132-150,SP,Santo André,UPA JARDIM SANTO ANDRE,JARDIM SANTO ANDRE,2011,RUA DOS DOMINICANOS,4451-2689,2015,11,MS,3,-23.7020408,-46.498575
7070640,87035-260,PR,Maringá,UNIDADE DE PRONTO ATENDIMENTO UPA ZONA NORTE,JARDIM ALVORADA,S/N,AV SOPHIA RASGULAEFF X R HIPOCRATESX R ANA NERI,,2015,11,MS,2,-23.4209995,-51.9330558
6631169,20730-460,RJ,Rio de Janeiro,SMS UPA 24 H ENGENHO DE DENTRO AP 32,ENGENHO DE DENTRO,S/N,RUA BERNARDO,,2015,11,MS,3,-22.9026237,-43.3050417
7381158,,CE,Horizonte,UPA DE HORIZONTE,CENTRO,1285,RUA CIRO BILHAR,8533366043,2015,11,MS,2,-4.1067302,-38.4957978
6703437,,PE,Recife,UPA NOVA DESCOBERTA,BREJO DA GUABIRABA,S/N,AVENIDA VEREADOR OTACILIO DE AZEVEDO,,2015,11,MS,3,-7.9901998,-34.933777
7057334,47640-000,BA,Santa Maria da Vitória,UPA 24 HORAS SANTA MARIA DA VITORIA,AABB,S/N,RUA JEREMIAS RODRIGUES DA SILVA,77 3483 4884,2015,11,MS,1,-13.385508,-44.202014
7041152,,PB,Pombal,UPA UNIDADE DE PRONTO ATENDIMENTO DE POMBAL,PEREIROS,S/N,RUA JAIRO VIEIRA FEITOSA,,2015,11,MS,1,-6.7807846,-37.8061146
7104804,36090-000,MG,Juiz de Fora,UPA NORTE,NOVA ERA,6145,AVENIDA PRESIDENTE JUSCELINO KUBITSCHEK,(32)3222-0430,2015,11,MS,3,-21.6939117,-43.4314947
3331326,,TO,Gurupi,UPA DR MARCIA MUCKY,JARDIM SAO LUCAS,99,AVENIDA FERNANDO DE NORONHA,(63)3315-0027,2015,11,MS,2,-11.7188959,-49.0796802
6919456,09390-140,SP,Mauá,UPA ZAIRA,JARDIM ZAIRA,1952,AVENIDA WASHINGTON LUIZ,(11)4519-4533,2015,11,MS,2,-23.6552006,-46.4482602
7099371,78553-252,MT,Sinop,UPA UNIDADE DE PRONTO ATENDIMENTO DE SINOP,JARDIM DAS ACACIAS,S/N,AVENIDA ANDRE MAGGI,,2015,11,MS,2,-11.8608456,-55.5095451
2420147,,SE,Poço Redondo,UNIDADE DE PRONTO ATENDIMENTO ZULMIRA SOARES,LIDIA SOUZA CRUZ,S/N,RUA ALTO DO GADO MANSO,07933371415,2015,11,MS,1,-9.8065819,-37.683604
7021461,09061-260,SP,Santo André,UPA SACADURA CABRAL,SACADURA CABRAL,354,RUA LAURO MULLER,44211224,2015,11,MS,1,-23.6742228,-46.5436003
7038747,14090-270,SP,Ribeirão Preto,UPA DR LUIS ATILIO LOSI VIANA RIBEIRAO PRETO,JARDIM PAULISTANO,353,AVENIDA TREZE DE MAIO,(16)39722868,2015,11,MS,3,-21.1762859,-47.7914986
7471645,,AL,Coruripe,UNIDADE DE PRONTO ATENDIMENTO DE CORURIPE,ZEQUINHA AZEVEDO,152,RUA EDGAR CASSIANO DOS SANTOS,,2015,11,MS,3,-10.1249995,-36.1761498
6997600,14300000,SP,Batatais,UPA 24H BATATAIS JOSE ANTONIO DA SILVA NETO,JOAQUIM MARINHEIRO,525,AV MOACIR DIAS DE MORAIS,(16) 37619499,2015,11,MS,2,-20.8933441,-47.5925952
2064731,14806-150,SP,Araraquara,UPA CENTRAL AMELIA BERNARDINI CUTRALE,VILA FERROVIARIA,S/N,AVENIDA MARIA ANTONIA CAMARGO DE OLIVEIRA,016 33011010,2015,11,MS,2,-21.7862848,-48.1721785
7533934,,MG,Igarapé,UPA PREFEITO OSVALDO CANDIDO DE QUEIROZ,MARECHAL RONDON,690,RUA SANTOS DUMONT,31 - 3534-1648,2015,11,MS,1,-20.0656682,-44.3144895
7267096,72874-218,GO,Valparaíso de Goiás,UPA D ZILDA ARNS,PARQUE MARAJO,05,PRACA KATIA ENTREQUADRAS 25 26 PARQUE MARAJO,,2015,11,MS,2,-16.1154642,-47.9750252
7070713,11714-630,SP,Praia Grande,UNIDADE DE PRONTO ATENDIMENTO DOUTOR CHARLES ANTUNES BECHARA,SAMAMBAIA,4000,AV MARGINAL,,2015,11,MS,3,-24.0392367,-46.5213434
2164817,38022-000,MG,Uberaba,UPA UNIDADE DE PRONTO ATENDIMENTO SAO BENEDITO,SAO BENEDITO,1030,R MAJOR EUSTAQUIO,(34)33332900,2015,11,MS,3,-19.7551865,-47.9420741
7263813,78053-739,MT,Cuiabá,UNIDADE DE PRONTO ATENDIMENTO MORADA DO OURO,MORADA DO OURO,S/N,RUA 17,3645 - 5700,2015,11,MS,3,-15.581739,-56.0661119
7429991,06765-290,SP,Taboão da Serra,UPA DR AKIRA TADA,JARDIM HENRIQUETA,2400,ESTRADA SAO FRANCISCO,47873020 / 47018153,2015,11,MS,3,-23.6165124,-46.7773999
6870805,,MA,Coroatá,UPA COROATA,CENTRO,S/N,AVENIDA DA BANDEIRA,,2015,11,MS,2,-4.1283394,-44.130317
6712169,83025-010,PR,São José dos Pinhais,UPA RUI BARBOSA,COLONIA RIO GRANDE,10471,AVENIDA RUI BARBOSA,(41) 3398 - 2710,2015,11,MS,1,-25.5489619,-49.2070183
6598722,,RJ,Cabo Frio,UNIDADE DE PRONTO ATENDIMENTO UPA,PARQUE BURLE,10,AV VITOR ROCHA,2226489679,2015,11,MS,3,-22.8801139,-42.0471369
4774,41200-020,BA,Salvador,UPA 24H PROF ADROALDO ALBERGARIA,PERIPERI,S/N,RUA DAS PEDRINHAS,(71) 3611-5721/5719,2015,11,MS,3,-12.8568454,-38.4566787
7550049,,SP,São José dos Campos,UPA PUTIM,PUTIM,1035,AVENIDA JOAO RODOLFO CASTELLI,012 39291019,2015,11,MS,3,-23.245325,-45.8319966
7053835,,SP,São Bernardo do Campo,UPA ALVES DIAS ASSUNCAO,ALVES DIAS,4220,AV HUMBERTO DE ALENCAR CASTELO BRANCO,4104-4018,2015,11,MS,2,-23.7241531,-46.5772506
6270093,15047050,SP,São José do Rio Preto,UPA REGIAO NORTE,JARDIM ANTUNES,130,R MANOEL MORENO ESQ R JOSEPHA VOLTARELLI SANFELICE,17-32375315,2015,11,MS,3,-20.7703051,-49.4034755
7501366,,CE,Juazeiro do Norte,UNIDADE DE PRONTO ATENDIMENTO UPA LIMOEIRO,LIMOEIRO,S/N,CAPITAO DOMINGOS,8835124696,2015,11,MS,3,-7.2231318,-39.3057396
5323436,,PR,Curitiba,UPA CAJURU,CAJURU,S/N,RUA ENGENHEIRO BENEDITO MARIO DA SILVA,041-32264069,2015,11,MS,3,-25.4695338,-49.2057901
6851312,,MA,São Luís,UPA CIDADE OPERARIA,CIDADE OPERARIA,S/N,AV PRICIPAL AV OESTE,(098)32474558,2015,11,MS,3,-2.5960968,-44.1973319
6632858,,MG,Ribeirão das Neves,UPA ACRIZIO MENEZES,CEREJEIRAS,600,AVENIDA DENISE CRISTINA DA ROCHA,3136381833,2015,11,MS,3,-19.8066815,-44.0299889
7106548,34505-010,MG,Sabará,SABARA UPA III 24 HORAS PADRE LAZARO PEREIRA CRISPIM,NACOES UNIDAS,7000,RODOVIA MGT 262 KM 07,31 35081962,2015,11,MS,3,-19.8777045,-43.8697101
7073194,12940-000,SP,Atibaia,UPA PORTE II 24HS JD CEREJEIRAS ATIBAIA,JD CEREJEIRAS,50,PRACA ORIENTAL,11 4412-2969,2015,11,MS,2,-23.1175492,-46.5567066
7096518,85550-000,PR,Coronel Vivida,UPA I UNIDADE DE PRONTO ATENDIMENTO DE CORONEL VIVIDA,CENTRO,154,RUA ROMARIO MARTINS,,2015,11,MS,1,-25.979821,-52.5678016
7449135,,RJ,Magé,SES RJ UPA 24H MAGE,PIABETA,S/N,RUA A,,2015,11,MS,3,-22.6303549,-43.1783933
6635903,,RJ,Macaé,UPA UNIDADE DE PRONTO ATENDIMENTO BARRA,BARRA DE MACAE,S/N,AV AMARAL PEIXOTO,22 27623260,2015,11,MS,3,-22.3738367,-41.7846236
6033075,25050-100,RJ,Duque de Caxias,SES RJ UPA 24H SARAPUI,VILA SARAPUI,S/N,RUA REPUBLICA DO PARAGUAI,27719717,2015,11,MS,2,-22.7495947,-43.2995325
7023049,87112610,PR,Sarandi,UNIDADE DE PRONTO ATENDIMENTO,JD CASTELO,286,JOSE MUNHOZ,(44) 3042-0506,2015,11,MS,1,-23.44573,-51.8733565
7135173,11750-000,SP,Peruíbe,UNIDADE DE PRONTO ATENDIMENTO DE PERUIBE UPA24H,PARQUE DAVILLE,S/N,AVENIDADE TEREZINHA RODRIGUES KALLIL,13 34541589,2015,11,MS,1,-24.3151709,-47.0031356
9296,12212-500,SP,São José dos Campos,UPA 24 HORAS ALTO DA PONTE,ALTO DA PONTE,70,RUA ALZIRO LEBRAO,12 35193700,2015,11,MS,2,-23.1537268,-45.901446
6855180,47850-000,BA,Luís Eduardo Magalhães,UNIDADE DE PRONTO ATENDIMENTO UPA,MIMOSO DO OESTE,165,RUA ARNALDO HORACIO FERREIRA,36285885,2015,11,MS,1,-12.0949155,-45.7993273
7592477,,DF,Brasília,UPA SOBRADINHO,SOBRADINHO II,1,DF 420 KM2 COMPLEXO DE SAUDE,,2015,11,MS,3,-15.6300523,-47.803141
7641117,,AL,Delmiro Gouveia,UPA DE DELMIIRO GOUVEIA,NOVO,S/N,AV ANTONIO JOSE DA COSTA,8236412414,2015,11,MS,2,-9.3857595,-37.9990194
7514948,60055-000,CE,Fortaleza,UNIDADE PRONTO ATENDIMENTO ITAPERI,ITAPERI,S/N,RUA BETEL,32952768,2015,11,MS,3,-3.7950622,-38.5540085
7148984,44695-000,BA,Capim Grosso,UPA UNIDADE DE PRONTO ATENDIMENTO CAPIM GROSSO,NOVO OESTE,S/N,AV JOAO DAMASCENDO,36511509,2015,11,MS,1,-11.3776551,-40.0206943
7037112,86066-000,PR,Londrina,UPA SABARA,NOVO SABARA,2390,AV ARTHUR THOMAS,43 3372 3900,2015,11,MS,3,-23.315425,-51.2096898
2422077,49000-800,SE,Porto da Folha,UNIDADE DE PRONTO ATENDIMENTO 24 H DR FRANCISCO ROLLEMBERG,CENTRO,226,PRACA ANTONIO PINTO DE REZENDE,,2015,11,MS,1,-9.9197408,-37.2757585
6855334,,RJ,Itaperuna,UPA ITAPERUNA,CIDADE NOVA,01,RUA E,22 38224657,2015,11,MS,3,-21.2208925,-41.8790809
6950655,11471020,SP,Guarujá,UPA JARDIM BOA ESPERANCA JORGE DE JESUS ALMEIDA GUARUJA,JD BOA ESPERANCA,S/N,RUA MARIO DAIGE,33551935,2015,11,MS,2,-23.9604481,-46.2775319
6950655,11471020,SP,Guarujá,UPA JARDIM BOA ESPERANCA JORGE DE JESUS ALMEIDA GUARUJA,JD BOA ESPERANCA,S/N,RUA MARIO DAIGE,33551935,2015,11,MS,2,-23.9604481,-46.2775319
10049,,MS,Campo Grande,UPA DR WALFRIDO ARRUDA CORONEL ANTONINO,CORONEL ANTONINO,S/N,RUA DR MEIRELES,67-33144191/33144195,2015,11,MS,3,-20.4312701,-54.5992088
7015887,97045070,RS,Santa Maria,UPA 24 H SANTA MARIA RS,PERPETUO SOCORRO,188,RUA ARY LAGRANHA DOMINGUES,5530261900,2015,11,MS,3,-29.6725645,-53.8080434
7548311,,MG,Poços de Caldas,UPA POCOS DE CALDAS,JOSE CARLOS,0,RUA BANDEIRA DO SUL,3536975398,2015,11,MS,3,-21.7859274,-46.5503854
10081,,MS,Campo Grande,UPA DR ALESSANDRO MARTINS DE SOUZA E SILVA VILA ALMEIDA,VILA PALMIRA,S/N,RUA MINISTRO JOSE LINHARES,67-33147324/33147323,2015,11,MS,2,-20.4396226,-54.6569669
6535798,,SP,São Bernardo do Campo,UPA DEMARCHI BATISTINI,DEMARCHI,303,RUA VALDOMIRO LUIZ,4368-4333,2015,11,MS,2,-23.744837,-46.5642723
7061773,37048-360,MG,Varginha,UPA FRANCISCO CORREA DE CARVALHO,PADRE VITOR,113,AVENIDA FARMACEUTICO JAIR SANTANA,,2015,11,MS,3,-21.5723508,-45.412858
7596871,41180900,BA,Salvador,UPA DO CABULA,SABOEIRO,S/N,ESTRADA SABOEIRO,(71)33873404,2015,11,MS,3,-12.9576957,-38.4472774
7463227,,PR,Guarapuava,UPA 24H BATEL,BATEL,1701,RUA BARAO DO CAPANEMA,42 36239719,2015,11,MS,1,-25.402968,-51.4714982
6870066,27.521-750,RJ,Resende,UPA 24 HS RESENDE,COMERCIAL NOVA RESEN,S/N,AVENIDA ADAUTO EMILIANO SOARES,(24) 3354-5075,2015,11,MS,3,-22.4709659,-44.4513347
7134665,,SP,Hortolândia,UPA MANOEL GEORGINO LOPES,JD NOVA HORTOLANDIA,185,RUA JOSE MARTIM DOS ANJOS,,2015,11,MS,1,-22.8547276,-47.2106594
2755289,,TO,Palmas,UNIDADE DE PRONTO ATENDIMENTO NORTE,PLANO DIRETOR NORTE,S/N,203 NORTE ALAMEDA LO 06 APM 02,(63) 32185110,2015,11,MS,2,-10.1701661,-48.3339796
7550901,,RS,Santa Rosa,UPA 24 HORAS SANTA ROSA,CENTRO,1011,RUA CAXIAS,,2015,11,MS,2,-27.8668718,-54.4865701
7684371,,SP,São Carlos,UNIDADE PRONTO ATENDIMENTO MARIA DORIS DE CAMPOS P LOPES,JARDIM ACAPULCO,S/N,AV JOAO NAVARRO SIQUEROLI,16 3375-6003,2015,11,MS,1,-22.0087082,-47.8909263
6964370,,PB,Guarabira,UPA UNIDADE DE PRONTO ATENDIMENTO DE GUARABIRA,CONJUNTO PRO MARADIA,S/N,RODOVIA PB 57,,2015,11,MS,1,-6.8512706,-35.4922422
23310,30130-007,MG,Belo Horizonte,UNIDADE DE PRONTO ATENDIMENTO OESTE,JARDIM AMERICA,1710,AV BARAO HOMEM DE MELO,(31)32777044,2015,11,MS,3,-19.951187,-43.9679816
2496461,,RO,Porto Velho,UPA ZONA LESTE,TANCREDO NEVES,S/N,AV MAMORE COM RIO DE JANEIRO,(69)2261135,2015,11,MS,2,-8.7609455,-63.83747
7313233,68448-000,PA,Breu Branco,UNIDADE DE PRONTO ATENDIMENTO MANOEL FRANCISCO DE AGUIAR,CENTRO,S/N,AV BELEM,94737860788,2015,11,MS,1,-3.7766145,-49.568394
6875343,39803-013,MG,Teófilo Otoni,UPA 24 HORAS,CENTRO,1284,AVENIDA GETULIO VARGAS,,2015,11,MS,3,-17.8588927,-41.5086036
7433530,,MS,Três Lagoas,UPA UNIDADE DE PRONTO ATENDIMENTO 24H,PARQUE SAO CARLOS,1855,RUA IRMAOS SPINELLI,67 3929-1254,2015,11,MS,2,-20.8052087,-51.7163718
6542891,,RJ,Araruama,UPA UNIDADE DE PRONTO ATENDIMENTO DE ARARUAMA,CENTRO,S/N,AV GETULIO VARGAS,26657300,2015,11,MS,3,-22.8727789,-42.3367302
6512925,21061-600,RJ,Rio de Janeiro,SMS UPA 24H COMPLEXO DO ALEMAO AP 31,BONSUCESSO,221,ESTRADA DO ITARARE,,2015,11,MS,2,-22.8588601,-43.2673983
7340885,15809-007,SP,Catanduva,UPA PARQUE IRACEMA,PARQUE IRACEMA,1500,AVENIDA THEODORO ROSA FILHO,17-35252665,2015,11,MS,2,-21.1408311,-48.9558724
7321775,,PB,Cajazeiras,UNIDADE DE PRONTO ATENDIMENTO DRA VALERIA MACAMBIRA GUEDES,COCODE,01,RUA DR JOSE MOREIRA,8335313607,2015,11,MS,1,-6.8992144,-38.5270305
7463030,,SP,Bragança Paulista,UPA UNIDADE DE PRONTO ATENDIMENTO 24H BRAGANCA PAULISTA,VILA DAVID,S/N,RUA SEBASTIAO CICERO FRANCO,11-40316223,2015,11,MS,3,-22.9531705,-46.5423239
7530684,,AC,Rio Branco,UPA DA SOBRAL FRANCO SILVA,SOBRAL,S/N,ESTRADA DA SOBRAL,(68) 3215 4200,2015,11,MS,3,-9.9889992,-67.8223132
7428383,,CE,Canindé,UPA IRMA JUDITE DINIZ,SANTA LUZIA,1496,RUA PEDRO MOREIRA,,2015,11,MS,1,-4.3513675,-39.3205499
6555551,26311-020,RJ,Queimados,UPA 24H QUEIMADOS RJ,NOSSA SENHORA DA GLO,S/N,RUA MARIO FERREIRA DOS REIS,26656955,2015,11,MS,3,-22.7106685,-43.5522256
6562205,,PE,Jaboatão dos Guararapes,UPA BARRA DE JANGADA,BARRA DE JANGADA,S/N,RUA CRUZ ALTA,81 31844494,2015,11,MS,3,-8.2187884,-34.9341944
6530389,50720-635,PE,Recife,UPA TORROES,TORROES,1455,AV ABDIAS DE CARVALHOS,81 - 31844440,2015,11,MS,2,-8.0630215,-34.933775
7084307,68.696-000,PA,Tucuruí,UPA 24HS TUCURUI EROSTACIO CORREA FILOCREAO IOIO,SANTA MONICA,S/N,RUA 06,94 3787 3289,2015,11,MS,2,-3.7784884,-49.6807608
7549156,,PR,Ponta Grossa,UNIDADE DE PRONTO ATENDIMENTO UPA SANTA PAULA,SANTA PAULA,S/N,RUA NICOLAU KLUPPEL NETO,42-32363339,2015,11,MS,2,-25.0994246,-50.1583223
6708714,72322-700,DF,Brasília,UPA SAMAMBAIA,SUL,09,QS 107 CONJUNTO 04 AE,61-34593282,2015,11,MS,3,-15.7942287,-47.8821658
7155840,68555-280,PA,Xinguara,UNIDADE DE PRONTO ATENDIMENTO DE XINGUARA,CENTRO,S/N,BR 155 ESQUINA COM AVENIDA HERMES DANTAS,34264736,2015,11,MS,1,-7.0999238,-49.9423425
7376421,,RS,Canoas,UPA 24 HORAS GUAJUVIRAS,ESTANCIA VELHA,2901,AVENIDA BOQUEIRAO,51 21021129,2015,11,MS,1,-29.9055576,-51.1469705
7590687,,SP,São Pedro,UPA JOSE FERNANDO DA SILVA SAO PEDRO,CENTRO,162,RUA MALAQUIAS GERRA,34819270,2015,11,MS,1,-22.5451525,-47.914142
7360851,,CE,Fortaleza,UNIDADE PRONTO ATENDIMENTO CONJUNTO CEARA,CONJUNTO CEARA,S/N,RUA 860,3216 8316,2015,11,MS,2,-3.8172505,-38.5277635
5584523,,RN,Mossoró,UPA CONCHECITA CIARLINI,SANTO ANTONIO,289,RUA SEIS DE JANEIRO,,2015,11,MS,2,-5.1832372,-37.3460774
7428707,,SP,Hortolândia,UPA JD ROSOLEM JOSE PEREIRA DE AMORIM,JD ROSOLEM,395,RUA ORLANDO PAVAN,19-38456104,2015,11,MS,1,-22.898414,-47.1750633
7465157,,DF,Brasília,UPA CEILANDIA,CEILANDIA,1,QNN 27 AREA ESPECIAL D,34719000,2015,11,MS,3,-15.815386,-48.116428
7206771,17033-841,SP,Bauru,UPA GEISEL,AVENIDA HIPODROMO,S/N,RUA ANTONIO MANOEL DA COSTA,,2015,11,MS,2,-22.3266473,-49.0285926
2024829,,SP,Jaboticabal,UNIDADE DE PRONTO ATENDIMENTO DR AVELINO G MARTINS NETO,CENTRO,750,AVENIDA SETE DE SETEMBRO,(16)32023610,2015,11,MS,1,-21.2568991,-48.3264758
6864651,25561-162,RJ,São João de Meriti,,,,,,2015,11,MS,3,-22.7907664,-43.3699364
2023571,13051-114,SP,Campinas,PRONTO ATENDIMENTO SAO JOSE,JD BANDEIRA 2,S/N,RUA BERTOLDO FERNANDO DE CASTRO,(19)32676400,2015,11,MS,1,-22.9099384,-47.0626332
7078730,72630-250,DF,Brasília,UPA RECANTO DAS EMAS,RECANTO DAS EMAS,01,EQ 400 600 AREA ESPECIAL RECANTO DAS EMAS,,2015,11,MS,3,-15.9208038,-48.0528109
7407203,,PE,Timbaúba,UPA 24 HORAS TIMBAUBA PE,ARARUNA,S/N,BR 408 KM 29,,2015,11,MS,1,-7.5084709,-35.3014318
2189860,32.050-310,MG,Contagem,UNIDADE DE PRONTO ATENDIMENTO VARGEM DAS FLORES UPA,RETIRO,80,RUA RETIRO DOS IMIGRANTES,(31)39117419,2015,11,MS,1,-19.8374957,-44.1478052
6950043,,SP,Mauá,UPA VILA ASSIS,JARDIM ANCHIETA,2129,AVENIDA DOM JOSE GASPAR,(11)4513-1613,2015,11,MS,2,-23.6870658,-46.4601407
6886345,,TO,Araguaína,UPA ANATOLIO DIAS CARNEIRO ARAGUAINA,ARAGUAINA SUL,S/N,RUA DOS PINHEIROS,,2015,11,MS,2,-7.1927433,-48.1887888
7396368,,CE,Tauá,UPA DRA LEILA MARIA ALEXANDRINO CIDRAO FEITOSA,NOVA ALDEOTA,494,AV CHERMONN ALVES DE OLIVEIRA,(88)34372016,2015,11,MS,1,-5.9918963,-40.2912185
6030807,6145245,SP,Osasco,UPA JARDIM CONCEICAO,JARDIM CONCEICAO,S/N,RUA MONTE DAS OLIVEIRAS,(11) 35918062,2015,11,MS,3,-23.5742213,-46.8040491
7130341,18900-000,SP,Santa Cruz do Rio Pardo,UPA DR FABIO AUGUSTO CARMO ZACURA SCRPARDO,ESTACAO,S/N,R GASTAO VIDIGAL ESQ C FRANCISCO DE ABREU SODRE,(014)3332-2790,2015,11,MS,1,-22.8993818,-49.6251185
7652038,,RS,Cruz Alta,UNIDADE DE PRONTO ATENDIMENTO MUNICIPAL 24 HS UPA,CENTRO,1781,VENANCIO AIRES,55 33227777,2015,11,MS,1,-28.6471032,-53.6064202
6899919,26540-005,RJ,Nilópolis,UPA NILOPOLIS,CABUIS,S/N,RUA ANTONIO PEREIRA,,2015,11,MS,3,-22.8067909,-43.4020303
6038913,21070-061,RJ,Rio de Janeiro,SES UPA 24H PENHA AP 31,PENHA,S/N,AVENIDA LOBO JUNIOR,2334-7859,2015,11,MS,3,-22.834114,-43.2812152
7317719,,PR,Arapongas,UPA UNIDADE DE PRONTO ATENDIMENTO,JARDIM CARAVELLE,S/N,TICO TICO REI,43 39021238,2015,11,MS,2,-23.3910885,-51.441174
6038891,20961-150,RJ,Rio de Janeiro,SES RJ UPA 24H ENGENHO NOVO AP 32,ENGENHO NOVO,70,RUA SOUZA BARROS,2332-2349,2015,11,MS,3,-22.8999464,-43.264429
2792346,,SP,Piracicaba,UPA PIRACICAMIRIM DR FORTUNATO LOSSO NETO PIRACICABA,VILA PRUDENTE,135,RUA RIO GRANDE DO NORTE,(19) 3426-5973,2015,11,MS,3,-22.7395164,-47.6273184
7050577,78320-000,MT,Juína,UNIDADE DE PRONTO ATENDIMENTO DE JUINA DR SANTOS,MODULO 04,S/N,RUA DAS ANDORINHAS,66-3566-2009,2015,11,MS,1,-11.4145492,-58.7519925
4042751,37900-048,MG,Passos,UNIDADE DE PRONTO ATENDIMENTO UPA,SANTA LUZIA,1629,RUA BARAO DE PASSOS,(35)3522 7171,2015,11,MS,3,-20.7126506,-46.6004011
7112831,67.130-440,PA,Ananindeua,UNIDADE DE PRONTO ATENDIMENTO UPA III,COQUEIRO,S/N,CIDADE NOVA II WE 16,32730281,2015,11,MS,3,-1.3699981,-48.4076613
7706766,,SP,São José do Rio Preto,UPA TANGARA ESTORIL,SAO FRANCISCO,384,AVENIDA GETULIO VARGAS,17-32224184,2015,11,MS,1,-20.8395432,-49.3745158
7152574,06273-050,SP,Osasco,UPA JOSE CAMPOS BARRETO ZEQUINHA BARRETO,VILA MENCK,822,RUA DR ALBERT JACKSON BYNGTON,36831725 - 3683-1847,2015,11,MS,3,-23.4962606,-46.7683212
5955645,21870-210,RJ,Rio de Janeiro,SES RJ UPA 24H BANGU,BANGU,S/N,RUA FIGUEIREDO CAMARGO,24195816,2015,11,MS,3,-22.8714226,-43.4564695
6588425,28635-000,RJ,Nova Friburgo,UPA 24 HORAS NOVA FRIBURGO,CONSELHEIRO PAULINO,3456,AVENIDA GOVERNADOR ROBERTO SILVEIRA,22 25277750,2015,11,MS,3,-22.2371829,-42.5206837
7685246,86066000,PR,Londrina,UPA CENTRO OESTE MARIA ANGELICA CASTOLDO,JARDIM DO SOL,4000,RUA ABELIO BENATTI,,2015,11,MS,3,-23.2975835,-51.1801937
6038905,23055-002,RJ,Rio de Janeiro,SES RJ UPA 24H CAMPO GRANDE II,CAMPO GRANDE,S/N,AVENIDA CESARIO DE MELO,24150665,2015,11,MS,3,-22.90973,-43.5817586
7065299,,GO,Ceres,UPA II DR JAIR DINOAH DE ARAUJO,CENTRO,1425,AV BERNARDO SAYAO,,2015,11,MS,2,-15.3154253,-49.6049588
2546000,,SE,Simão Dias,UNIDADE DE PROTO ATENDIMENTO 24 H PEDRO VALADARES,CENTRO,S/N,RUA JULIO MANOEL DE OLIVEIRA,(079)3611-2221,2015,11,MS,1,-10.7397921,-37.809338
6940315,,PB,João Pessoa,UNIDADE DE PRONTO ATENDIMENTO OCEANIA,AEROCLUBE,70,AV GOV FLAVIO RIBEIRO COUTINHO,3218-9896,2015,11,MS,2,-7.0971705,-34.8349735
6613136,,PR,Foz do Iguaçu,UNIDADE DE PRONTO ATENDIMENTO JOAO SAMEK,JARDIM PALMEIRA,S/N,RUA IACANGA ESQUINA COM AVENIDA AMERICO SASDELI,45-3521-9500,2015,11,MS,3,-25.5163356,-54.5853764
7065507,24800-000,RJ,Itaboraí,SES RJ UPA 24H ITABORAI,MANILHA,S/N,RODOVIA BR 493,26359511,2015,11,MS,3,-22.7706075,-42.9228616
6922597,25710-082,RJ,Petrópolis,UPA CASCATINHA PRONTO ATENDIMENTO 24H PETROPOLIS II,CASCATINHA,500,RUA BERNARDO PROENCA,2246-8932,2015,11,MS,3,-22.4847373,-43.1517929
6635172,,RJ,Rio Bonito,UNIDADE DE PRONTO ATENDIMENTO UPA RIO BONITO,PRACA CRUZEIRO,S/N,RODOVIA BR 101,2127349818,2015,11,MS,3,-22.7186089,-42.6279835
6726852,,PE,Recife,UPA IBURA,IBURA,S/N,RUA VALE DO TAJAI,81 31844595,2015,11,MS,3,-8.1306017,-34.9497493
6992021,65665000,MA,São João dos Patos,UPA SAO JOAO DOS PATOS,SANTIAGO,01,RUA SAO JORGE,,2015,11,MS,1,-6.4937974,-43.7040121
7077149,45810-000,BA,Porto Seguro,UPA UNIDADE DE PRONTO ATENDIMENTO 24 HORAS FREI CALIXTO,MERCADO DO POVO,S/N,RUA DA MATA,(73) 3268-2032,2015,11,MS,2,-16.4443537,-39.0653656
5323495,,PR,Curitiba,UPA CIDADE INDUSTRIAL,CIC,3370,RUA SENADOR ACCIOLY FILHO,041-32496899,2015,11,MS,3,-25.4978123,-49.3399026
6931960,65400-000,MA,Codó,UPA CODO,SANTA TEREZINHA,S/N,RUA SANTA RITA,,2015,11,MS,2,-4.4605557,-43.88945
7068824,,SP,Cajamar,UPA UNIDADE DE PRONTO ATENDIMENTO,JORDANESIA,253,RUA ALFREDO DELL VIGNA,(11)44474058,2015,11,MS,1,-23.3376313,-46.8373043
6210902,31150-000,MG,Belo Horizonte,UNIDADE DE PRONTO ATENDIMENTO CENTRO SUL,SANTA EFIGENIA,488,RUA DOMINGOS VIEIRA,32385900,2015,11,MS,3,-19.9222738,-43.9255059
7633149,,BA,Salvador,UPA 24H VALE DOS BARRIS,BARRIS,S/N,PRACA JOAO MANGABEIRA ROTULA AV VALE DOS BARRIS,(71) 3221-0811/0810,2015,11,MS,3,-12.9856151,-38.5152099
6903665,24722-525,RJ,São Gonçalo,SES RJ UPA 24H SAO GONCALO II,SAO GONCALO,S/N,AVENIDA BISPO DOM JOAO DA MATA,,2015,11,MS,3,-22.8078133,-42.9889057
6650864,,SP,São Bernardo do Campo,UPA RIACHO GRANDE,RIACHO GRANDE,333,RUA MARCILIO CONRADO,11-41018264,2015,11,MS,1,-23.7830294,-46.5287861
6439837,69900-977,AC,Rio Branco,UPA 24 HORAS DO 2 DISTRITO,LOTEAMENTO SANTA HEL,0020,RODOVIA BR 364 KM 125,(68) 3221 6775,2015,11,MS,3,-10.0137486,-67.8101626
7408765,,RN,Natal,UPA 24H ESPERANCA,CIDADE DA ESPERANCA,S/N,AVENIDA PARAIBA,32322378,2015,11,MS,3,-5.823628,-35.2369382
2061562,09330-350,SP,Mauá,UPA BARAO DE MAUA,JARDIM MARINGA,3567,AV BARAO DE MAUA,(11)4546-2872,2015,11,MS,2,-23.6667574,-46.4291301
7144016,,SP,Mogi Guaçu,UNIDADE DE PRONTO ATENDIMENTO UPA DE MOGI GUACU,JARDIM SANTA MARTA,S/N,RUA ORLANDA PEREIRA BUENO,1938185556,2015,11,MS,2,-22.3679387,-46.9432454
7476469,,BA,Salvador,UPA 24H VALERIA,VALERIA,S/N,RUA DO LAVRADOR,(71) 3500-2600/02/04,2015,11,MS,3,-12.8671858,-38.4387061
6742831,21830-007,RJ,Rio de Janeiro,SMS UPA 24H SENADOR CAMARA AP 51,SENADOR CAMARA,6486,AVENIDA SANTA CRUZ,21-38393226,2015,11,MS,3,-22.8818639,-43.4822652
6661904,21310-190,RJ,Rio de Janeiro,SMS UPA 24H MADUREIRA AP 33,MADUREIRA,S/N,PRACA DOS LAVRADORES,2133582994,2015,11,MS,3,-22.8820399,-43.344608
7498233,,MG,Sete Lagoas,UPA DR JUVENAL PAIVA,VAPABUCU,1700,AV TONICO REIS,31 37748140,2015,11,MS,3,-19.4664268,-44.2292035
7626916,,PB,Piancó,UNIDADE DE PRONTO ATENDIMENTO UPA 24 HORAS,PIANCOZINHO,S/N,RUA PROJETADA,,2015,11,MS,2,-7.1957199,-37.9228255
6618464,,PE,Jaboatão dos Guararapes,UPA ENGENHO VELHO,ENGENHO VELHO,S/N,AVENIDA MANOEL RABELO,8131844520,2015,11,MS,3,-8.1086351,-35.0015943
7156324,,SP,Vinhedo,UNIDADE DE PRONTO ATENDIMENTO,JARDIM SANTA ROSA,45,AVENIDA AURELIO JOSE FREDIANI,(19) 3886-4472,2015,11,MS,1,-23.029625,-46.9847614
6559565,,RJ,Angra dos Reis,UPA 24 HORAS ANGRA DOS REIS,JAPUIBA,S/N,RUA FRANCELINO ALVES DE LIMA,2433671667,2015,11,MS,3,-22.9785771,-44.2958039
7396732,62750-000,CE,Aracoiaba,UNIDADE DE PRONTO ATENDIMENTO UPA 24HS ARACOIABA,CENTRO,S/N,AV DA INDEPENDENCIA,85 33375517,2015,11,MS,1,-4.3719819,-38.8104556
2466422,,ES,Guarapari,UPA II DR JOAO BATISTA DE ALMEIDA NETO,IPIRANGA,S/N,RUA CACHOEIRO DO ITAPEMIRIM,(27)3362 8325,2015,11,MS,2,-20.676109,-40.5068335
7077971,,CE,Caucaia,UNIDADE DE PRONTO ATENDIMENTO DE CAUCAIA,CENTRO,S/N,GERONIMO AMARAL,,2015,11,MS,3,-3.7338356,-38.6570411
6558992,,PE,Jaboatão dos Guararapes,UPA CURADO,CURADO II,68,RUA LEONARDO DA VINCE,81 31844465,2015,11,MS,3,-8.0765641,-34.9981625
6867294,,RS,Novo Hamburgo,UPA 24 HORAS CANUDOS NH IRMAO ANTONIO BORTOLINI,CANUDOS,12,RUA BARTOLOMEU DE GUSMAO,51 30971317,2015,11,MS,2,-29.675043,-51.0969761
7169159,,PR,Lapa,UPA DR DARCY COSTA,VILA DO PRINCIPE,515,AVENIDA JUSCELINO KUBITSCHEK OLIVEIRA,41 39111030,2015,11,MS,1,-25.7675725,-49.7172529
3606961,12239-290,SP,São José dos Campos,UPA CAMPO DOS ALEMAES,CAMPO DOS ALEMAES,S/N,RUA JOAO DE OLIVEIRA E SILVA,(12) 39661108/39662357,2015,11,MS,2,-23.2743877,-45.8998474
7093284,,MG,Uberaba,UNIDADE PRONTO ATENDIMENTO DR HUMBERTO FERREIRA UPA MIRANTE,PARQUE DO MIRANTE,534,AV LEOPOLDINO DE OLIVEIRA,34 3332-0209,2015,11,MS,3,-19.7578431,-47.9094864
6568734,,MA,São Luís,UPA ITAQUI BACANGA,ITAQUI BACANGA,S/N,AVENIDA DOS PORTUGUESES,(98)32720346,2015,11,MS,2,-2.5391099,-44.2829046
5955653,23087-286,RJ,Rio de Janeiro,SES RJ UPA 24H CAMPO GRANDE,CAMPO GRANDE,S/N,ESTR DO MENDANHA,34051069,2015,11,MS,3,-22.8644805,-43.5488904
6443370,53600-000,PE,Igarassu,UPA IGARASSU,CENTRO,S/N,RODOVIA BR 101 NORTE KM 47,(81) 31844278/4280,2015,11,MS,3,-7.819706,-34.9171369
7116896,45700-000,BA,Itapetinga,UNIDADE DE PRONTO ATENDIMENTO UPA 24 HORAS,NOVA ITAPETINGA,S/N,AVENIDA GERSON DE OLIVEIRA,,2015,11,MS,1,-15.2475119,-40.2509918
6798128,,MG,São João del Rei,UPA SAO JOAO DEL REI,CAIEIRAS,173,R MARECHAL CIRO ESPIRITO SANTO CARDOSO,,2015,11,MS,2,-21.1315407,-44.253065
2738864,,PR,Cascavel,UPA VENEZA,JARDIM VENEZA,1460,RUA CAFE FILHO,(45) 39022587,2015,11,MS,2,-24.9577771,-53.4595112
7184689,11660690,SP,Caraguatatuba,UNIDADE DE PRONTO ATENDIMENTO CENTRAL DE CARAGUATATUBA,JARDIM PRIMAVERA,451,AVENIDA MARANHAO,12 38972100,2015,11,MS,2,-23.6277813,-45.4173019
2383462,72860016,GO,Novo Gama,AMBULATORIO 24 HORAS NOVO GAMA,NOVO GAMA,1000,AVENIDA CENTRAL,(61)6281123,2015,11,MS,1,-16.0549527,-48.0363441
7711077,11740-000,SP,Itanhaém,UNIDADE DE PRONTO ATENDIMENTO DE ITANHAEM,SABAUNA,S/N,RUA JOSE ERNESTO BECHELLI,1334271111,2015,11,MS,1,-24.1830459,-46.816279
6575900,22763-011,RJ,Rio de Janeiro,SMS UPA 24H CIDADE DE DEUS AP 40,CIDADES DE DEUS,S/N,RUA EDGAR WERNECK,21 22323173,2015,11,MS,3,-22.9498128,-43.3593441
6844596,,SP,São Bernardo do Campo,UPA BAETA NEVES,BAETA NEVES,933,RUA DOS VIANAS,4125-2100/4125-9139,2015,11,MS,1,-23.7000787,-46.5436945
6950051,,SP,Mauá,UPA MAGINI CENTRO,VILA MAGINI,3890,WASHINGTON LUIS,(11)4518-1988,2015,11,MS,2,-23.6624156,-46.459562
2126001,32670-505,MG,Betim,UNIDADE A I SETE DE SETEMBRO,CHACARA,441,AVENIDA BANDEIRANTES,(31)3531.3930,2015,11,MS,3,-19.9639824,-44.1881253
7584717,,SC,Herval d'Oeste,UNIDADE DE PRONTO ATENDIMENTO REMI A MASCARELLO,SAO VICENTE,1400,RUA SANTOS DUMONT,04935227432,2015,11,MS,1,-27.1788914,-51.5003704
6767400,,SP,Votuporanga,UNIDADE DE PRONTO ATENDIMENTO DR DIORANDI FIGUEIRA DA COSTA,PARQUE VILA SAUDE,2701,RUA JOAO RODRIGUES AGOSTINHO,(17)34051446,2015,11,MS,1,-20.4173291,-49.9702752
6488714,25950-000,RJ,Teresópolis,UPA 24HS UNIDADE DE PRONTO ATENDIMENTO NATHAN GARCIA LEITAO,VARZEA,S/N,RUA TENENTE LUIZ MEIRELLES,,2015,11,MS,3,-22.4228392,-42.9599038
6443397,53350-005,PE,Olinda,UPA OLINDA,CIDADE TABAJARA,S/N,RODOVIA PE 15 AVENIDA JOAQUIM NABUCO,(81) 31844309,2015,11,MS,3,-7.9779469,-34.8650081
2189879,32145-000,MG,Contagem,UNIDADE DE PRONTO ATENDIMENTO RESSACA UPA,GUANABARA,S/N,PRACA 21 DE ABRIL GUANABARA,3357-6002,2015,11,MS,2,-19.8865147,-44.0336011
2785722,32900-000,MG,Manhuaçu,UNIDADE DE PRONTO ATENDIMENTO UPA,CENTRO,S/N,RUA FREDERICO DOLABELA,33 3332 3310,2015,11,MS,2,-20.2579477,-42.0315584
7274440,60750-022,CE,Fortaleza,UNIDADE PRONTO ATENDIMENTO JOSE WALTER,JOSE WALTER,S/N,AV PRESIDENTE COSTA E SILVA,85 32168316,2015,11,MS,3,-3.8233184,-38.5507098
2126052,32670-778,MG,Betim,UNIDADE A I ALEXANDRE SILVA A DINIZ ALTEROSAS,JARDIM ALTEROSAS,520,AVENIDA CAMPOS DE OURIQUE,(31)35922933,2015,11,MS,2,-19.9501036,-44.1564852
5955629,21361-132,RJ,Rio de Janeiro,SES UPA 24H IRAJA AP 33,IRAJA,380,AV MONSENHOR FELIX,23339822,2015,11,MS,3,-22.8494168,-43.3254118
7474423,,PA,Castanhal,UPA PORTE III CASTANHAL GOVERNADOR ALMIR GABRIEL,CRISTO REDENTOR,S/N,BR 316,91-889 9843,2015,11,MS,3,-1.2973141,-47.9438018
6646034,26041-271,RJ,Nova Iguaçu,SES RJ UPA NOVA IGUACU II,TRES CORACOES,S/N,ESTRADA DE ADRIANOPOLIS,26572996,2015,11,MS,3,-22.6931153,-43.4686619
7116756,71.692-100,DF,Brasília,UPA UNIDADE DE PRONTO ATENDIMENTO DE SAO SEBASTIAO,RESIDENCIAL OESTE,1,QD 102 CJ 1 LT 1,6133396426,2015,11,MS,3,-15.8966821,-47.778402
7469144,,MG,Divinópolis,UPA 24 HORAS PADRE ROBERTO CORDEIRO MARTINS,PONTE FUNDA,241,RUA NILO MACIEL,37-32213662,2015,11,MS,3,-20.1564785,-44.8631344
5387582,,ES,Serra,UPA 24 HORAS CARAPINA,MANOEL PLAZA,S/N,AVENIDA NORTE SUL,3341-1171,2015,11,MS,3,-20.2354331,-40.2717355
6421482,20973-011,RJ,Rio de Janeiro,SMS UPA 24H MANGUINHOS AP 31,BENFICA,1390,AV DOM HELDER CAMARA,2332-2405,2015,11,MS,2,-22.8856499,-43.2520102
7543913,,MG,Campo Belo,UNIDADE DE PRONTO ATENDIMENTO UPA,CIDADE MONTESA,105,AVENIDA PREFEITO WANDERLEY LUIS MAIA,,2015,11,MS,2,-20.9033746,-45.2767135
7640307,19.813-178,SP,Assis,UPA RUY SILVA,JD AEROPORTO,670,RUA OSMAR LUCHINI,(18)33225619,2015,11,MS,2,-22.6604341,-50.4187813
7481624,,AL,Palmeira dos Índios,UNIDADE DE PRONTO ATENDIMENTO PALMEIRA DOS INDIOS,VILA MARIA,S/N,RUA BRAULIO MONTINEGRO,,2015,11,MS,2,-9.4227224,-36.64372
6722253,,GO,Formosa,UPA UNIDADE DE PRONTO ATENDIMENTO,SETOR SUL,S/N,VIA 26 A,61 3631-7681,2015,11,MS,1,-15.5651071,-47.3370931
7278438,18400-020,SP,Itapeva,UNIDADE DE PRONTO ATENDIMENTO UPA PORTE 1,CENTRO,S/N,PRACA ESPIRIDIAO LUCIO MARTINS,15 35213242,2015,11,MS,1,-23.9793102,-48.8768997
3340821,88052-800,SC,Florianópolis,UNIDADE DE PRONTO ATENDIMENTO UPA NORTE DA ILHA,CANASVIEIRAS,000,ROD FRANCISCO FAUSTINO MARTINS,(48) 32610623,2015,11,MS,3,-27.4504979,-48.4572773
7094132,07500-000,SP,Santa Isabel,UNIDADE DE PRONTO ATENDIMENTO UPA I SANTA ISABEL,JAGUARI,320,RUA PRESIDENTE CASTELO BRANCO,,2015,11,MS,1,-23.5206301,-46.7766157
6571573,36070-060,MG,Juiz de Fora,UPA SAO PEDRO,SAO PEDRO,129,RUA MAJOR LINO LIMA,(32)3250-1400,2015,11,MS,3,-21.7752124,-43.3838216
7085400,83708-695,PR,Araucária,UNIDADE DE PRONTO ATENDIMENTO DE ARAUCARIA,COSTEIRA,1,RUA AUGUSTO RIBEIRO DOS SANTOS,39056313,2015,11,MS,3,-25.6025733,-49.3712822
6487815,21852-370,RJ,Rio de Janeiro,SMS UPA 24H VILA KENNEDY AP 51,VILA KENNEDY,S/N,PRACA DOLOMITAS,21 2405-0303,2015,11,MS,2,-22.9068467,-43.1728965
7319428,98801-500,SC,Chapecó,UNIDADE DE PRONTO ATENDIMENTO UPA 24H,PRESIDENTE MEDICE,S/N,RUA SETE DE SETEMBRO,(49)2049-9024,2015,11,MS,2,-27.092589,-52.6042832
6037569,21610-330,RJ,Rio de Janeiro,SES RJ UPA 24H MARECHAL HERMES,MAL HERMES,S/N,RUA XAVIER CURADO,30165844,2015,11,MS,3,-22.8690254,-43.3763795
7479387,,SP,São Paulo,UPA CAMPO LIMPO,CAMPO LIMPO,121,TEREZA MOUCO DE OLIVEIRA,,2015,11,MS,3,-23.6496687,-46.7492213
7427549,25210-000,RJ,Duque de Caxias,UPA INFANTIL WALTER GARCIA,CENTRO,S/N,RUA GENERAL ARGOLO,,2015,11,MS,3,-22.7936853,-43.3072675
7157681,75250-000,GO,Senador Canedo,UPA UNIDADE DE PRONTO ATENDIMENTO DE SENADOR CANEDO,RESIDENCILA BOA VIST,S/N,RUA BV 15 ESQ AV GERONIMO VIEIRA,,2015,11,MS,2,-16.7088537,-49.091845
7111606,44380-000,BA,Cruz das Almas,UNIDADE DE PRONTO ATENDIMENTO 24H UPA I,ITAPICURU,110,AVENIDA CARMELITO BARBOSA ALVES,,2015,11,MS,1,-12.6735557,-39.1016848
7443382,,BA,Simões Filho,UPA SIMOES FILHO,CIA I,S/N,AVENIDA ELMO SEREJO DE FARIAS,,2015,11,MS,2,-12.7950821,-38.3971364
7164440,24943-195,RJ,Maricá,UPA MARICA 24H,INOA,S/N,RUA EUCLIDES DE PAULO DA SILVA,21-26367228,2015,11,MS,3,-22.9141435,-42.9306705
5989442,88065-000,SC,Florianópolis,UNIDADE DE PRONTO ATENDIMENTO UPA SUL DA ILHA,RIO TAVARES,682,RODOVIA FRANCISCO MAGNO VIEIRA,(48) 32391701,2015,11,MS,3,-27.6457425,-48.4724789
2825260,13710-817,SP,Sumaré,UNIDADE DE PRONTO ATENDIMENTO MACARENKO UPA 24H,JARDIM MACARENKO,380,RUA VINICIUS DE MORAES,19 33996100,2015,11,MS,3,-22.8319305,-47.2753401
7099185,,AL,Viçosa,UNIDADE DE PRONTO ATENDIMENTO DR DEVID DISRAELI TORRES,CENTRO,20,RUA PEDRO BARRETO,32831279,2015,11,MS,1,-9.368056,-36.2434348
6426174,25820-185,RJ,Três Rios,UPA 24 HS,TRIANGULO,2100,AV ZOELLO SOLA,024 22551998,2015,11,MS,3,-22.1175248,-43.1885852
6927173,40720-460,BA,Salvador,UPA DO SUBURBIO,ESCADA,S/N,LADEIRA DA TEREZINHA,71 3401-8585,2015,11,MS,3,-12.8826773,-38.4800553
6418651,09711-280,SP,São Bernardo do Campo,UPA SAO PEDRO,VILA SAO PEDRO,273,DOM PEDRO DE ALCANTARA,,2015,11,MS,2,-23.7186306,-46.5269694
7595905,,RJ,Nova Iguaçu,UPA 24H MUNICIPAL DE COMENDADOR SOARES,COMENDADOR SOARES,221,RUA DOS QUARTEIS,,2015,11,MS,3,-22.7438809,-43.495999
6598544,23570-000,RJ,Rio de Janeiro,SMS UPA 24 H JOAO XXIII AP 53,SANTA CRUZ,S/N,AV JOAO XXIII,24165719/31575411,2015,11,MS,3,-22.9029699,-43.7179924
6938124,23.585-430,RJ,Rio de Janeiro,SMS UPA 24 H PACIENCIA AP 53,PACIENCIA,S/N,ESTRADA SANTA EUGENIA,,2015,11,MS,2,-22.9261357,-43.6351543
7540868,,AC,Rio Branco,UPA DA CIDADE DO POVO DR EDILBERTO PARIGOT DE SOUZA FILHO,CIDADE DO POVO,S/N,AVENIDA 1,68 3215 4210,2015,11,MS,1,-9.975377,-67.8248977
2126419,32667-005,MG,Betim,UNIDADE A I NILDA NOGUEIRA DO A ANDRADE GUANABARA,GUANABARA,225,RUA JOVELINO GREGORIO DA SILVA,(31)35922930,2015,11,MS,1,-19.9721151,-44.1429708
6893295,,CE,Maranguape,UPA 24HS MARANGUAPE,NOVO MARANGUAPE,0000000,RODOVIA SENADOR ALMIR PINTO,08533415088,2015,11,MS,2,-3.8812238,-38.6778146
6900836,,RS,Bom Princípio,UPA UNIDADE DE PRONTO ATENDIMENTO,PARAISO DO VALE,S/N,RUA JOAO DE BARRO,51 3634 1191,2015,11,MS,1,-29.5041957,-51.3562363
